{"OC1": [[6.0, 8.0, 9.999999708781392, 11.999999417562783, 13.999999126344175, 15.999998835125567, 17.999998543906955], [0.5941, 0.5966, 0.6513, 0.7786, 0.8756, 0.888, 0.9517]], "Random": [[6.0, 8.0, 9.999999708781392, 11.999999417562783, 13.999999126344175, 15.999998835125567, 17.999998543906955], [0.7216, 0.7449999999999999, 0.7858999999999999, 0.819, 0.8642999999999998, 0.9018999999999999, 0.9286999999999999]], "Axis-aligned": [[6.0, 8.0, 9.999999708781392, 11.999999417562783, 13.999999126344175, 15.999998835125567, 17.999998543906955], [0.7421, 0.7914000000000001, 0.8127, 0.8289, 0.8855999999999999, 0.9317, 0.9508]], "CO2": [[6.0, 8.0, 9.999999708781392, 11.999999417562783, 13.999999126344175, 15.999998835125567, 17.999998543906955], [0.8126, 0.831, 0.8513, 0.8519999999999999, 0.8612, 0.8806999999999999, 0.9040999999999999]], "Non-greedy": [[6.0, 8.0, 9.999999708781392, 11.999999417562783, 13.999999126344175, 15.999998835125567, 17.999998543906955], [0.8352999999999999, 0.8457, 0.8484, 0.8440000000000001, 0.8308000000000001, 0.8331000000000002, 0.8573000000000002]]}